<?xml version="1.0" encoding="UTF-8"?>
<GenRun Id="impl_1" LaunchPart="xc7a35tcpg236-1" LaunchTime="1603971255">
  <File Type="BITSTR-BMM" Name="UART_controller_bd.bmm"/>
  <File Type="OPT-METHODOLOGY-DRC" Name="UART_controller_methodology_drc_opted.rpt"/>
  <File Type="INIT-TIMING" Name="UART_controller_timing_summary_init.rpt"/>
  <File Type="ROUTE-PWR" Name="UART_controller_power_routed.rpt"/>
  <File Type="PA-TCL" Name="UART_controller.tcl"/>
  <File Type="OPT-TIMING" Name="UART_controller_timing_summary_opted.rpt"/>
  <File Type="OPT-DCP" Name="UART_controller_opt.dcp"/>
  <File Type="ROUTE-PWR-SUM" Name="UART_controller_power_summary_routed.pb"/>
  <File Type="REPORTS-TCL" Name="UART_controller_reports.tcl"/>
  <File Type="OPT-DRC" Name="UART_controller_drc_opted.rpt"/>
  <File Type="OPT-HWDEF" Name="UART_controller.hwdef"/>
  <File Type="PWROPT-DCP" Name="UART_controller_pwropt.dcp"/>
  <File Type="PWROPT-DRC" Name="UART_controller_drc_pwropted.rpt"/>
  <File Type="PWROPT-TIMING" Name="UART_controller_timing_summary_pwropted.rpt"/>
  <File Type="PLACE-DCP" Name="UART_controller_placed.dcp"/>
  <File Type="PLACE-IO" Name="UART_controller_io_placed.rpt"/>
  <File Type="PLACE-CLK" Name="UART_controller_clock_utilization_placed.rpt"/>
  <File Type="PLACE-UTIL" Name="UART_controller_utilization_placed.rpt"/>
  <File Type="PLACE-UTIL-PB" Name="UART_controller_utilization_placed.pb"/>
  <File Type="PLACE-CTRL" Name="UART_controller_control_sets_placed.rpt"/>
  <File Type="PLACE-SIMILARITY" Name="UART_controller_incremental_reuse_placed.rpt"/>
  <File Type="PLACE-PRE-SIMILARITY" Name="UART_controller_incremental_reuse_pre_placed.rpt"/>
  <File Type="PLACE-TIMING" Name="UART_controller_timing_summary_placed.rpt"/>
  <File Type="POSTPLACE-PWROPT-DCP" Name="UART_controller_postplace_pwropt.dcp"/>
  <File Type="BG-BIN" Name="UART_controller.bin"/>
  <File Type="POSTPLACE-PWROPT-TIMING" Name="UART_controller_timing_summary_postplace_pwropted.rpt"/>
  <File Type="PHYSOPT-DCP" Name="UART_controller_physopt.dcp"/>
  <File Type="PHYSOPT-DRC" Name="UART_controller_drc_physopted.rpt"/>
  <File Type="BITSTR-MSK" Name="UART_controller.msk"/>
  <File Type="PHYSOPT-TIMING" Name="UART_controller_timing_summary_physopted.rpt"/>
  <File Type="ROUTE-ERROR-DCP" Name="UART_controller_routed_error.dcp"/>
  <File Type="ROUTE-DCP" Name="UART_controller_routed.dcp"/>
  <File Type="ROUTE-BLACKBOX-DCP" Name="UART_controller_routed_bb.dcp"/>
  <File Type="ROUTE-DRC" Name="UART_controller_drc_routed.rpt"/>
  <File Type="ROUTE-DRC-PB" Name="UART_controller_drc_routed.pb"/>
  <File Type="ROUTE-DRC-RPX" Name="UART_controller_drc_routed.rpx"/>
  <File Type="BITSTR-MMI" Name="UART_controller.mmi"/>
  <File Type="ROUTE-METHODOLOGY-DRC" Name="UART_controller_methodology_drc_routed.rpt"/>
  <File Type="ROUTE-METHODOLOGY-DRC-RPX" Name="UART_controller_methodology_drc_routed.rpx"/>
  <File Type="ROUTE-METHODOLOGY-DRC-PB" Name="UART_controller_methodology_drc_routed.pb"/>
  <File Type="ROUTE-PWR-RPX" Name="UART_controller_power_routed.rpx"/>
  <File Type="ROUTE-STATUS" Name="UART_controller_route_status.rpt"/>
  <File Type="ROUTE-STATUS-PB" Name="UART_controller_route_status.pb"/>
  <File Type="ROUTE-TIMINGSUMMARY" Name="UART_controller_timing_summary_routed.rpt"/>
  <File Type="ROUTE-TIMING-PB" Name="UART_controller_timing_summary_routed.pb"/>
  <File Type="ROUTE-TIMING-RPX" Name="UART_controller_timing_summary_routed.rpx"/>
  <File Type="ROUTE-SIMILARITY" Name="UART_controller_incremental_reuse_routed.rpt"/>
  <File Type="ROUTE-CLK" Name="UART_controller_clock_utilization_routed.rpt"/>
  <File Type="ROUTE-BUS-SKEW" Name="UART_controller_bus_skew_routed.rpt"/>
  <File Type="ROUTE-BUS-SKEW-PB" Name="UART_controller_bus_skew_routed.pb"/>
  <File Type="ROUTE-BUS-SKEW-RPX" Name="UART_controller_bus_skew_routed.rpx"/>
  <File Type="POSTROUTE-PHYSOPT-DCP" Name="UART_controller_postroute_physopt.dcp"/>
  <File Type="POSTROUTE-PHYSOPT-BLACKBOX-DCP" Name="UART_controller_postroute_physopt_bb.dcp"/>
  <File Type="POSTROUTE-PHYSOPT-TIMING" Name="UART_controller_timing_summary_postroute_physopted.rpt"/>
  <File Type="POSTROUTE-PHYSOPT-TIMING-PB" Name="UART_controller_timing_summary_postroute_physopted.pb"/>
  <File Type="POSTROUTE-PHYSOPT-TIMING-RPX" Name="UART_controller_timing_summary_postroute_physopted.rpx"/>
  <File Type="POSTROUTE-PHYSOPT-BUS-SKEW" Name="UART_controller_bus_skew_postroute_physopted.rpt"/>
  <File Type="POSTROUTE-PHYSOPT-BUS-SKEW-PB" Name="UART_controller_bus_skew_postroute_physopted.pb"/>
  <File Type="BG-BIT" Name="UART_controller.bit"/>
  <File Type="POSTROUTE-PHYSOPT-BUS-SKEW-RPX" Name="UART_controller_bus_skew_postroute_physopted.rpx"/>
  <File Type="BITSTR-RBT" Name="UART_controller.rbt"/>
  <File Type="BITSTR-NKY" Name="UART_controller.nky"/>
  <File Type="PDI-FILE" Name="UART_controller.pdi"/>
  <File Type="RCFI_FILE" Name="UART_controller.rcfi"/>
  <File Type="CFI_FILE" Name="UART_controller.cfi"/>
  <File Type="RNPI_FILE" Name="UART_controller.rnpi"/>
  <File Type="NPI_FILE" Name="UART_controller.npi"/>
  <File Type="RBD_FILE" Name="UART_controller.rbd"/>
  <File Type="BITSTR-LTX" Name="debug_nets.ltx"/>
  <File Type="BITSTR-LTX" Name="UART_controller.ltx"/>
  <File Type="BITSTR-SYSDEF" Name="UART_controller.sysdef"/>
  <File Type="BG-BGN" Name="UART_controller.bgn"/>
  <File Type="BG-DRC" Name="UART_controller.drc"/>
  <File Type="RDI-RDI" Name="UART_controller.vdi"/>
  <File Type="WBT-USG" Name="usage_statistics_webtalk.html"/>
  <FileSet Name="sources" Type="DesignSrcs" RelSrcDir="$PSRCDIR/sources_1">
    <Filter Type="Srcs"/>
    <File Path="$PSRCDIR/sources_1/imports/UART_controller_files/UART.vhd">
      <FileInfo>
        <Attr Name="ImportPath" Val="$PPRDIR/../UART_controller_files/UART.vhd"/>
        <Attr Name="ImportTime" Val="1602928478"/>
        <Attr Name="UsedIn" Val="synthesis"/>
        <Attr Name="UsedIn" Val="simulation"/>
      </FileInfo>
    </File>
    <File Path="$PSRCDIR/sources_1/imports/UART_controller_files/UART_rx.vhd">
      <FileInfo>
        <Attr Name="ImportPath" Val="$PPRDIR/../UART_controller_files/UART_rx.vhd"/>
        <Attr Name="ImportTime" Val="1603959798"/>
        <Attr Name="UsedIn" Val="synthesis"/>
        <Attr Name="UsedIn" Val="simulation"/>
      </FileInfo>
    </File>
    <File Path="$PSRCDIR/sources_1/imports/UART_controller_files/UART_tx.vhd">
      <FileInfo>
        <Attr Name="ImportPath" Val="$PPRDIR/../UART_controller_files/UART_tx.vhd"/>
        <Attr Name="ImportTime" Val="1602927836"/>
        <Attr Name="UsedIn" Val="synthesis"/>
        <Attr Name="UsedIn" Val="simulation"/>
      </FileInfo>
    </File>
    <File Path="$PSRCDIR/sources_1/imports/UART_controller_files/button_debounce.vhd">
      <FileInfo>
        <Attr Name="ImportPath" Val="$PPRDIR/../UART_controller_files/button_debounce.vhd"/>
        <Attr Name="ImportTime" Val="1603961120"/>
        <Attr Name="UsedIn" Val="synthesis"/>
        <Attr Name="UsedIn" Val="simulation"/>
      </FileInfo>
    </File>
    <File Path="$PSRCDIR/sources_1/imports/UART_controller_files/UART_controller.vhd">
      <FileInfo>
        <Attr Name="ImportPath" Val="$PPRDIR/../UART_controller_files/UART_controller.vhd"/>
        <Attr Name="ImportTime" Val="1602927979"/>
        <Attr Name="UsedIn" Val="synthesis"/>
        <Attr Name="UsedIn" Val="simulation"/>
      </FileInfo>
    </File>
    <Config>
      <Option Name="DesignMode" Val="RTL"/>
      <Option Name="TopModule" Val="UART_controller"/>
      <Option Name="TopAutoSet" Val="TRUE"/>
    </Config>
  </FileSet>
  <FileSet Name="constrs_in" Type="Constrs" RelSrcDir="$PSRCDIR/constrs_1">
    <Filter Type="Constrs"/>
    <File Path="$PSRCDIR/constrs_1/imports/UART_controller_files/constraints.xdc">
      <FileInfo>
        <Attr Name="ImportPath" Val="$PPRDIR/../UART_controller_files/constraints.xdc"/>
        <Attr Name="ImportTime" Val="1602928162"/>
        <Attr Name="UsedIn" Val="synthesis"/>
        <Attr Name="UsedIn" Val="implementation"/>
      </FileInfo>
    </File>
    <Config>
      <Option Name="ConstrsType" Val="XDC"/>
    </Config>
  </FileSet>
  <FileSet Name="utils" Type="Utils" RelSrcDir="$PSRCDIR/utils_1">
    <Filter Type="Utils"/>
    <Config>
      <Option Name="TopAutoSet" Val="TRUE"/>
    </Config>
  </FileSet>
  <Strategy Version="1" Minor="2">
    <StratHandle Name="Vivado Implementation Defaults" Flow="Vivado Implementation 2020"/>
    <Step Id="init_design"/>
    <Step Id="opt_design"/>
    <Step Id="power_opt_design"/>
    <Step Id="place_design"/>
    <Step Id="post_place_power_opt_design"/>
    <Step Id="phys_opt_design"/>
    <Step Id="route_design"/>
    <Step Id="post_route_phys_opt_design"/>
    <Step Id="write_bitstream"/>
  </Strategy>
</GenRun>
